accx,accy,accz,gyrx,gyry,gyrz
-0.0918,-0.0256,0.9574,0.8545,-0.061,0.3662
-0.0917,-0.032,0.9711,0.8545,0.061,0.3662
-0.094,-0.0243,0.9695,0.9155,-0.1831,0.3052
-0.0907,-0.0273,0.9697,1.0986,-0.1831,0.4883
-0.0913,-0.026,0.9653,1.0376,-0.061,0.4883
-0.0919,-0.0243,0.9657,0.9766,-0.3052,0.1831
-0.0909,-0.0281,0.9696,0.9766,-0.061,0.6714
-0.0914,-0.0247,0.9674,1.0986,-0.1831,0.6714
-0.0909,-0.0272,0.9685,1.2817,-0.1221,0.6104
-0.0898,-0.0276,0.9678,1.1597,-0.061,0.7935
-0.0935,-0.0251,0.9692,1.1597,-0.061,0.6714
-0.09,-0.0282,0.9677,0.7935,-0.1221,0.4883
-0.0928,-0.0262,0.9683,1.0376,-0.3662,0.5493
-0.0922,-0.0261,0.9678,1.0376,0.0,0.4272
-0.0908,-0.0277,0.9685,0.9766,-0.2441,0.6104
-0.0922,-0.0253,0.9679,1.1597,-0.3052,0.6104
-0.0913,-0.028,0.9684,1.0376,-0.1221,0.6104
-0.0923,-0.0269,0.9684,1.0376,0.061,0.6104
-0.0918,-0.0256,0.9681,1.0376,-0.1831,0.6104
-0.0907,-0.0282,0.9684,0.9766,-0.061,0.6104
-0.0918,-0.0261,0.9675,1.0376,-0.3052,0.5493
-0.0914,-0.0265,0.9679,0.9766,0.061,0.4883
-0.0909,-0.0269,0.9668,1.0986,-0.061,0.6104
-0.0914,-0.0259,0.968,1.0986,0.0,0.5493
-0.0908,-0.0271,0.9685,1.2207,-0.3662,0.4272
-0.0925,-0.0254,0.9678,1.1597,-0.1221,0.6104
-0.0905,-0.0264,0.968,1.0986,0.061,0.4272
-0.0905,-0.0271,0.9675,0.7935,-0.4272,0.2441
-0.0917,-0.0255,0.9674,1.1597,-0.1831,0.6104
-0.0912,-0.0266,0.9666,1.0986,-0.3052,0.6714
-0.0909,-0.0262,0.9672,1.1597,-0.2441,0.4883
-0.0919,-0.0255,0.9675,1.0376,0.0,0.6104
-0.0913,-0.0273,0.9669,0.9155,-0.061,0.4883
-0.0923,-0.0262,0.9662,0.9155,-0.1221,0.4272
-0.0906,-0.028,0.9667,0.9155,-0.1831,0.3662
-0.0914,-0.0266,0.9681,1.1597,-0.1221,0.6714
-0.0911,-0.0256,0.9678,0.9766,-0.1221,0.6104
-0.0905,-0.0275,0.9669,1.1597,-0.1221,0.5493
-0.0912,-0.0262,0.9673,1.0376,-0.2441,0.3662
-0.0916,-0.0275,0.969,1.2817,0.0,0.6104
-0.0914,-0.027,0.9681,0.9155,-0.3662,0.3662
-0.0916,-0.0256,0.9674,1.0376,-0.4272,0.5493
-0.0902,-0.0267,0.9673,1.2207,-0.2441,0.6714
-0.0914,-0.0262,0.9698,0.9766,-0.3662,0.1831
-0.0913,-0.0262,0.9675,1.0376,-0.1831,0.3662
-0.0909,-0.0267,0.968,0.7935,-0.3662,0.3052
-0.0914,-0.0253,0.9683,1.1597,0.0,0.5493
-0.0923,-0.0262,0.9684,1.0376,-0.1221,0.6714
-0.0907,-0.0261,0.9673,0.9766,0.0,0.6104
-0.0913,-0.0265,0.9684,1.0986,-0.3052,0.5493
-0.0914,-0.0272,0.9675,1.2207,-0.3052,0.4883
-0.0925,-0.0255,0.9678,1.0376,0.0,0.6104
-0.0917,-0.0262,0.9683,1.1597,-0.1221,0.2441
-0.0913,-0.0273,0.968,1.1597,-0.2441,0.4883
-0.092,-0.0265,0.9683,1.1597,-0.3052,0.6714
-0.092,-0.0266,0.9677,0.9766,-0.061,0.3662
-0.0914,-0.0269,0.9674,0.7935,-0.1831,0.3662
-0.0907,-0.0256,0.9686,0.9155,-0.1831,0.3052
-0.0911,-0.0272,0.968,1.2817,-0.4272,0.6104
-0.0912,-0.0271,0.9686,0.9766,-0.1221,0.6714
-0.0914,-0.0264,0.9672,1.0376,0.061,0.6104
-0.0917,-0.0271,0.9685,1.0986,-0.1221,0.7324
-0.092,-0.0264,0.9681,0.9766,-0.1831,0.5493
-0.0911,-0.0271,0.9686,1.2207,-0.1221,0.6714
-0.0908,-0.0261,0.9674,1.0376,-0.1221,0.4883
-0.092,-0.0267,0.9681,1.0376,0.0,0.6104
-0.0916,-0.0272,0.968,1.0986,-0.3052,0.1831
-0.0909,-0.0269,0.9678,0.9155,-0.3052,0.1831
-0.0903,-0.0273,0.9681,1.1597,-0.1831,0.6104
-0.0916,-0.0271,0.968,0.9766,-0.3662,0.2441
-0.0922,-0.0264,0.9673,1.0986,-0.1221,0.4883
-0.0905,-0.0272,0.9683,0.8545,-0.3662,0.4272
-0.0908,-0.0275,0.9679,1.1597,15.564,0.4272
-0.0908,-0.0265,0.9686,0.9766,-0.2441,0.4883
-0.0919,-0.027,0.9675,0.8545,0.0,0.6104
-0.0912,-0.0272,0.9692,0.9766,-0.061,0.5493
-0.0914,-0.0271,0.9678,1.0986,-0.1221,0.4883
-0.0914,-0.0264,0.968,1.0986,-0.2441,0.6714
-0.0916,-0.0261,0.9672,1.0986,-0.1831,0.6104
-0.0902,-0.0267,0.9678,0.8545,-0.2441,0.5493
-0.0917,-0.0261,0.9672,0.9766,-0.061,0.4883
-0.09,-0.0267,0.9684,1.0986,-0.2441,0.7324
-0.092,-0.0266,0.9679,1.1597,-0.061,0.5493
-0.0911,-0.0272,0.9679,0.9155,-0.1221,0.6714
-0.0914,-0.0262,0.9689,1.0376,-0.2441,0.4272
-0.0912,-0.0266,0.9679,0.9155,0.061,0.4272
-0.0909,-0.0267,0.9681,1.0986,-0.2441,0.4883
-0.0914,-0.0266,0.9683,1.0986,-0.1831,0.4883
-0.0928,-0.0269,0.9683,1.0376,0.0,0.4883
-0.0911,-0.0267,0.9675,0.9766,0.0,0.4883
-0.0923,-0.0267,0.9713,0.9766,-0.3052,0.4883
-0.0903,-0.0272,0.9684,1.1597,-0.1221,0.6104
-0.0916,-0.0267,0.9691,0.9155,-0.3052,0.3052
-0.0916,-0.0266,0.9674,0.7324,-0.3662,0.1831
-0.0911,-0.0266,0.968,0.9155,-0.3052,0.2441
-0.0911,-0.0261,0.9673,0.9766,-0.2441,0.5493
-0.0914,-0.026,0.9681,0.7324,-0.3052,0.3052
-0.0911,-0.0267,0.9679,1.1597,-0.1221,0.6714
-0.0905,-0.0264,0.9683,1.1597,-0.1221,0.6104
-0.0918,-0.0264,0.9686,0.9766,-0.061,0.3052
-0.0913,-0.026,0.969,0.9155,-0.2441,0.5493
-0.0907,-0.0265,0.9678,0.9766,-0.061,0.6714
-0.0918,-0.0266,0.968,1.0376,0.0,0.4883
-0.0911,-0.0272,0.9679,1.0986,-0.061,0.6104
-0.0912,-0.0264,0.9694,1.0376,-0.2441,0.3662
-0.0919,-0.0254,0.9684,1.0986,-0.1221,0.6104
-0.0908,-0.0262,0.9688,0.9155,-0.061,0.5493
-0.0919,-0.027,0.9683,1.0376,-0.3052,0.3662
-0.0916,-0.0262,0.9678,0.9155,0.061,0.4883
-0.0913,-0.0267,0.9678,1.1597,-0.3052,0.4272
-0.0911,-0.0265,0.9674,0.9155,-0.4883,0.4272
-0.0917,-0.0275,0.968,1.0986,-0.1831,0.4883
-0.0914,-0.0271,0.9683,1.0376,-0.1221,0.6104
-0.0907,-0.0266,0.9675,1.1597,-0.1221,0.5493
-0.0907,-0.0269,0.9681,0.9766,-0.1221,0.5493
-0.0918,-0.0275,0.9706,0.9155,-0.1221,0.6104
-0.0902,-0.0269,0.9688,0.9155,-0.2441,0.5493
-0.0922,-0.027,0.968,1.0986,0.1221,0.6104
-0.0916,-0.0266,0.9668,0.9155,0.0,0.5493
-0.0903,-0.0269,0.9668,0.9155,-0.1221,0.4272
-0.0922,-0.0273,0.9674,0.9155,-0.1831,0.3662
-0.0913,-0.0266,0.9677,0.8545,-0.4272,0.4883
-0.0914,-0.0269,0.9684,1.1597,-0.3662,0.4272
-0.0912,-0.026,0.9675,1.0986,-0.1221,0.6714
-0.0919,-0.0264,0.9683,0.7935,-0.3662,0.3662
-0.0911,-0.0272,0.9681,0.7324,-0.2441,0.2441
-0.0917,-0.0256,0.9685,1.0986,-0.1831,0.5493
-0.0906,-0.026,0.9688,1.1597,-0.1831,0.6104
-0.0908,-0.0262,0.9686,1.0376,-0.2441,0.2441
-0.0911,-0.0264,0.9684,0.9766,-0.3662,0.5493
-0.0911,-0.0265,0.9679,1.0376,0.0,0.6104
-0.0924,-0.0272,0.967,1.1597,0.0,0.3662
-0.0913,-0.0259,0.9679,1.0376,-0.1221,0.6104
-0.0914,-0.0271,0.969,0.9155,-0.3052,0.3052
-0.0907,-0.0262,0.9689,1.0376,-0.061,0.4272
-0.0907,-0.0267,0.9678,0.7935,0.0,0.3052
-0.0912,-0.0272,0.9683,0.9155,-0.1831,0.3662
-0.0919,-0.0265,0.9698,1.0986,0.1221,0.5493
-0.0914,-0.0265,0.9679,0.9766,0.0,0.4272
-0.0917,-0.0269,0.9675,0.9155,-0.1831,0.4272
-0.0914,-0.0258,0.9683,0.9155,-0.1831,0.1221
-0.0914,-0.0272,0.9695,0.9155,-0.2441,0.2441
-0.0916,-0.0259,0.9683,1.0376,-0.3052,0.3052
-0.092,-0.0269,0.968,1.0376,-0.4272,0.5493
-0.0912,-0.0264,0.9684,1.0376,-0.1221,0.6714
-0.0912,-0.0265,0.9677,0.9155,0.061,0.5493
-0.0912,-0.0267,0.9688,0.9155,-0.1221,0.7935
-0.0908,-0.0272,0.968,0.9766,-0.1831,0.4883
-0.0909,-0.027,0.968,1.0376,-0.2441,0.6714
-0.0911,-0.0262,0.9685,0.9766,-0.2441,0.3662
-0.0907,-0.0262,0.9674,0.9155,-0.3052,0.3662
-0.0919,-0.0258,0.9678,1.0986,0.061,0.4883
-0.0911,-0.0269,0.9686,1.2817,-0.061,0.5493
-0.0912,-0.0267,0.9684,0.9766,-0.2441,0.3052
-0.0907,-0.0259,0.9677,1.1597,0.0,0.4272
-0.0911,-0.0264,0.9702,1.0376,-0.2441,0.4883
-0.0916,-0.0266,0.9679,1.0376,-0.1831,0.4272
-0.0914,-0.026,0.9684,1.0986,-0.2441,0.4883
-0.0906,-0.0267,0.968,1.0376,-0.1831,0.6104
-0.0916,-0.0259,0.9685,0.8545,-0.3052,0.4883
-0.0919,-0.027,0.9673,0.9155,-0.061,0.3662
-0.0917,-0.0256,0.9683,1.0376,-0.2441,0.6104
-0.0916,-0.0266,0.9689,0.9766,-0.061,0.6104
-0.0907,-0.0259,0.9681,0.9766,-0.1221,0.5493
-0.0913,-0.0264,0.9679,0.9766,-0.1831,0.3052
-0.0913,-0.0269,0.9681,1.0376,-0.3662,0.5493
-0.0906,-0.0262,0.9685,1.2207,-0.2441,0.5493
-0.0908,-0.027,0.9684,1.0376,-0.1831,0.5493
-0.0916,-0.027,0.969,1.1597,-0.2441,0.6104
-0.0917,-0.0266,0.9685,0.9155,-0.3662,0.6104
-0.092,-0.0262,0.9696,0.9155,-0.3052,0.5493
-0.0906,-0.0271,0.968,1.1597,0.061,0.4883
-0.0906,-0.027,0.9694,0.9155,-0.3662,0.3052
-0.0908,-0.0261,0.9685,1.0376,-0.2441,0.7324
-0.0917,-0.0269,0.9688,1.2207,-0.3052,0.5493
-0.0911,-0.0272,0.9679,0.8545,-0.061,0.6104
-0.0917,-0.0258,0.9678,1.0376,-0.2441,0.4883
-0.0918,-0.0266,0.9688,0.8545,-0.1831,0.4883
-0.0916,-0.0262,0.9685,1.0376,-0.1831,0.6104
-0.0919,-0.0269,0.968,0.9155,-0.1831,0.4883
-0.0916,-0.0261,0.9686,0.9766,-0.1221,0.5493
-0.0905,-0.0265,0.9678,0.9766,-0.061,0.2441
-0.0908,-0.0266,0.9684,0.9766,0.0,0.4272
-0.0905,-0.0262,0.9684,1.1597,-0.4272,0.5493
-0.0918,-0.0255,0.9684,0.9766,0.0,0.4883
-0.0911,-0.0266,0.9686,0.9155,-0.5493,0.4883
-0.0922,-0.0264,0.9686,0.9766,0.0,0.5493
-0.0916,-0.027,0.969,1.0376,-0.1221,0.5493
-0.0913,-0.0267,0.9689,1.0376,-0.2441,0.5493
-0.0907,-0.026,0.9691,1.0986,-0.3052,0.4883
-0.0922,-0.0267,0.9701,1.0376,-0.1831,0.5493
-0.092,-0.026,0.9696,0.9155,-0.3052,0.5493
-0.0906,-0.0261,0.9684,0.9155,-0.061,0.3662
-0.0923,-0.0269,0.9679,1.1597,-0.2441,0.6104
-0.0906,-0.0265,0.9686,0.9766,-0.1831,0.4883
-0.092,-0.0262,0.9678,1.0986,-0.2441,0.5493
-0.0912,-0.0267,0.9689,0.9766,-0.1831,0.6104
-0.0911,-0.027,0.9685,1.0376,-0.3662,0.4272
-0.0917,-0.0264,0.9701,1.0986,-0.1221,0.5493
-0.0916,-0.0266,0.9691,1.0986,-0.3662,0.5493
-0.0911,-0.0266,0.9692,0.9766,-0.061,0.3662
-0.0908,-0.027,0.9683,1.0376,-0.061,0.7324
-0.0922,-0.0262,0.9681,1.0986,-0.1221,0.6714
-0.0913,-0.026,0.9678,0.9155,-0.061,0.6714
-0.092,-0.0264,0.9681,1.1597,-0.1831,0.5493
-0.0917,-0.0269,0.9695,0.9766,-0.4272,0.5493
-0.092,-0.0261,0.968,0.9766,-0.1831,0.6104
-0.0919,-0.0271,0.9684,1.1597,-0.3052,0.6714
-0.0918,-0.0272,0.9685,0.9155,-0.3052,0.4272
-0.0912,-0.0269,0.9691,1.0376,-0.1221,0.6104
-0.092,-0.0265,0.968,1.0986,-0.1221,0.6104
-0.092,-0.0259,0.9688,1.0986,0.0,0.7324
-0.0911,-0.0265,0.9695,0.9766,0.1831,0.5493
-0.0917,-0.0266,0.9683,0.9155,-0.1221,0.4272
-0.0914,-0.027,0.9686,1.1597,0.0,0.5493
-0.0914,-0.0264,0.9684,1.1597,-0.2441,0.6714
-0.0906,-0.0265,0.9683,0.9766,-0.061,0.6104
-0.0911,-0.027,0.9685,0.7935,-0.1831,0.4272
-0.0922,-0.0269,0.969,1.1597,-0.4272,0.7324
-0.0914,-0.0271,0.9681,1.0986,-0.3052,0.3662
-0.0922,-0.0267,0.9695,1.0376,0.1221,0.3052
-0.0908,-0.0264,0.9686,1.0376,0.0,0.6104
-0.0906,-0.0262,0.9681,0.9155,-0.1221,0.6104
-0.0924,-0.0272,0.9689,1.0376,-0.3052,0.6104
-0.0914,-0.0267,0.9684,0.9155,-0.061,0.5493
-0.0914,-0.0273,0.9689,0.7935,-0.3662,0.3662
-0.0917,-0.0266,0.968,1.1597,-0.1221,0.4883
-0.0909,-0.0272,0.9679,0.9155,-0.1221,0.5493
-0.0909,-0.0259,0.9677,0.9766,-0.061,0.6104
-0.0909,-0.027,0.9683,0.9155,-0.061,0.4883
-0.0919,-0.0264,0.9669,0.9766,-0.2441,0.4272
-0.0907,-0.0266,0.9679,1.0376,-0.1221,0.6714
-0.0922,-0.0262,0.9689,0.9766,-0.1831,0.4272
-0.0914,-0.0265,0.968,0.9766,-0.1831,0.6104
-0.0918,-0.0266,0.9684,1.0376,0.0,0.4883
-0.0919,-0.0265,0.9696,1.1597,0.0,0.6104
-0.0906,-0.0264,0.9688,1.0986,-0.3052,0.6714
-0.0908,-0.0264,0.9685,1.0376,-0.1221,0.3662
-0.0917,-0.0264,0.9674,1.0986,-0.2441,0.6104
-0.0907,-0.0254,0.9677,1.0986,-0.1831,0.4883
-0.0909,-0.0262,0.9684,1.1597,-0.1831,0.4883
-0.0911,-0.0266,0.9681,0.9766,-0.1831,0.6714
-0.0907,-0.0275,0.9686,1.0986,-0.4272,0.4883
-0.0905,-0.0271,0.9688,0.9766,-0.061,0.6104
-0.0911,-0.0269,0.9678,1.0376,0.1221,0.4272
-0.0909,-0.027,0.968,1.0376,-0.061,0.5493
-0.0923,-0.0264,0.9684,0.9766,-0.1831,0.4883
-0.0909,-0.0265,0.9683,1.0376,-0.1221,0.6104
-0.0911,-0.0267,0.9684,0.9766,0.1831,0.4883
-0.0918,-0.0269,0.9683,1.0376,-0.1831,0.5493
-0.0914,-0.027,0.9689,0.9766,-0.1831,0.6104
-0.0913,-0.0269,0.9677,0.9155,-0.3052,0.3662
-0.092,-0.027,0.9695,0.9155,-0.061,0.2441
-0.0917,-0.0267,0.9675,0.8545,-0.1831,0.1831
-0.0918,-0.0259,0.968,1.0376,0.0,0.6104
-0.0912,-0.0262,0.9678,1.0986,-0.3052,0.4272
-0.0912,-0.0262,0.9686,1.0376,-0.2441,0.4883
-0.0909,-0.0266,0.9685,1.0986,-0.1831,0.3662
-0.0907,-0.0262,0.9689,1.0376,-0.3662,0.6714
-0.0907,-0.0265,0.9688,1.0376,-0.061,0.5493
-0.0918,-0.0267,0.969,1.0376,0.2441,0.6104
-0.0908,-0.0266,0.9695,0.9766,-0.1221,0.4883
-0.0918,-0.0269,0.9669,0.9766,-0.4272,0.3052
-0.0907,-0.0261,0.969,0.8545,0.0,0.5493
-0.0909,-0.027,0.9678,1.2207,-0.1221,0.7324
-0.0909,-0.0264,0.9677,1.0986,-0.2441,0.5493
-0.0919,-0.0262,0.9991,1.0376,-0.1831,0.4883
-0.0909,-0.0261,0.9691,0.9766,-0.061,0.2441
-0.0916,-0.0273,0.9683,1.0376,0.1221,0.4883
-0.0906,-0.0267,0.9692,1.0376,-0.3052,0.7324
-0.0905,-0.0259,0.9694,0.9766,-0.1831,0.4883
-0.0917,-0.0267,0.9685,0.7935,0.061,0.6714
-0.0909,-0.0266,0.968,1.0376,-0.061,0.4883
-0.0908,-0.0271,0.969,1.0986,-0.1831,0.5493
-0.0909,-0.027,0.9684,1.0986,-0.2441,0.5493
-0.0912,-0.027,0.9684,1.0376,-0.1221,0.4272
-0.0908,-0.0271,0.9677,0.8545,-0.2441,0.2441
-0.0907,-0.0273,0.9695,0.9766,-0.1831,0.6714
-0.0911,-0.0258,0.9688,1.0986,-0.1831,0.5493
-0.0919,-0.0269,0.9688,0.9155,-0.2441,0.6104
-0.0918,-0.0273,0.9688,1.0986,-0.2441,0.4272
-0.0916,-0.0269,0.9681,1.0376,-0.1221,0.5493
-0.0918,-0.0269,0.969,0.9155,-0.061,0.6104
-0.0916,-0.0265,0.9686,1.0986,-0.3052,0.6714
-0.0911,-0.0267,0.9694,1.0986,-0.1221,0.6714
-0.0913,-0.027,0.9686,1.0376,-0.2441,0.4883
-0.0908,-0.0269,0.9688,1.0986,-0.2441,0.6104
-0.0913,-0.0261,0.9668,1.0376,-0.1831,0.6714
-0.0901,-0.0264,0.9681,1.0986,-0.1831,0.6104
-0.0906,-0.0273,0.969,1.0986,-0.1831,0.6714
-0.0909,-0.027,0.9689,1.1597,0.1221,0.6714
-0.0918,-0.0264,0.9678,1.0376,-0.1831,0.6104
-0.0918,-0.0266,0.9683,0.9766,-0.2441,0.6714
-0.0912,-0.0265,0.9691,0.9766,0.1221,0.7324
-0.0913,-0.0259,0.968,1.0376,-0.3052,0.6104
-0.0906,-0.0266,0.9684,1.0376,-0.1221,0.6104
-0.0917,-0.0272,0.9684,1.2207,-0.2441,0.7324
-0.0917,-0.0265,0.969,0.9155,-0.1831,0.6104
-0.0907,-0.0272,0.969,0.9766,-0.061,0.6104
-0.0909,-0.0265,0.969,1.1597,-0.061,0.6104
-0.0919,-0.0272,0.9688,1.1597,-0.2441,0.7324
-0.0919,-0.0258,0.9989,1.0376,-0.061,0.6104
-0.0911,-0.0264,0.9686,0.9155,-0.061,0.4272
-0.0925,-0.0265,0.9692,1.1597,-0.1221,0.5493
-0.0914,-0.0272,0.9689,1.0376,-0.1831,0.6714
-0.0916,-0.0267,0.9683,0.7935,-0.3052,0.6714
-0.0917,-0.0261,0.9685,1.3428,-0.2441,0.4883
-0.0914,-0.0266,0.968,0.9155,-0.1221,0.4272
-0.0913,-0.0266,0.9675,1.0986,-0.061,0.4272
-0.0917,-0.0266,0.9688,1.1597,-0.061,0.5493
-0.0909,-0.0261,0.9685,1.1597,-0.1831,0.5493
-0.0917,-0.0265,0.9677,0.9766,-0.061,0.6104
-0.0909,-0.0264,0.968,0.7935,-0.4883,0.3662
-0.0917,-0.0265,0.9685,0.9766,-0.2441,0.4883
-0.0917,-0.0261,0.9684,1.1597,-0.2441,0.6714
-0.0913,-0.0267,0.9685,1.0986,-0.1221,0.7324
-0.0912,-0.0261,0.9677,0.9155,0.0,0.5493
-0.0918,-0.0265,0.9683,1.2817,-0.1831,0.5493
-0.0907,-0.026,0.9684,1.0986,-0.061,0.6714
-0.0911,-0.0264,0.968,1.2207,-0.1221,0.4883
-0.0913,-0.0269,0.9685,1.0376,-0.1221,0.4883
-0.0924,-0.0259,0.9684,1.1597,-0.1831,0.5493
-0.0916,-0.0267,0.9702,1.1597,-0.061,0.5493
-0.0908,-0.0261,0.9672,1.2207,-0.1831,0.5493
-0.0912,-0.0261,0.9688,1.1597,-0.1221,0.6104
-0.0913,-0.026,0.969,1.0986,0.0,0.6714
-0.092,-0.0262,0.9684,1.1597,0.0,0.7324
-0.0922,-0.0266,0.9688,1.0986,-0.1831,0.4272
-0.0922,-0.027,0.9689,1.0986,-0.3052,0.5493
-0.0912,-0.0265,0.9694,1.0986,-0.1831,0.6104
-0.0923,-0.0265,0.9684,1.2207,-0.061,0.6104
-0.0916,-0.0265,0.9673,0.7935,-0.1831,0.4883
-0.0914,-0.0259,0.9689,0.9766,-0.2441,0.6104
-0.0927,-0.0262,0.968,1.2817,0.0,0.7324
-0.0909,-0.026,0.9683,0.9155,-0.1831,0.4883
-0.0913,-0.0262,0.9683,1.0986,-0.1831,0.6714
-0.0913,-0.0264,0.9681,0.9766,-0.1831,0.6714
-0.0919,-0.026,0.968,1.0376,-0.1831,0.4883
-0.0911,-0.0264,0.9686,1.0986,-0.061,0.6714
-0.0907,-0.0267,0.968,0.9766,0.0,0.7324
-0.0909,-0.0265,0.9689,1.0986,-0.2441,0.5493
-0.0912,-0.0267,0.9677,0.8545,0.061,0.5493
-0.092,-0.0264,0.9677,1.0376,-0.3662,0.4883
-0.0914,-0.0265,0.9675,1.0986,-0.1831,0.5493
-0.0907,-0.0266,0.9686,0.9766,-0.3052,0.3662
-0.0911,-0.0265,0.9683,0.9766,-0.1831,0.4883
-0.092,-0.0271,0.968,0.9766,-0.1831,0.6104
-0.0913,-0.027,0.9707,0.9766,-0.2441,0.6104
-0.0914,-0.0261,0.9679,1.1597,-0.1221,0.6714
-0.0912,-0.0264,0.9685,1.0376,-0.3052,0.6104
-0.0918,-0.0276,0.9683,1.0986,-0.1831,0.5493
-0.0912,-0.0267,0.9678,1.0986,-0.3662,0.6714
-0.0925,-0.0266,0.9667,0.9155,-0.2441,0.4883
-0.0908,-0.0262,0.9691,1.0986,-0.2441,0.4883
-0.0909,-0.0258,0.9681,0.7935,-0.2441,0.5493
-0.0906,-0.0265,0.9683,0.9766,-0.1831,0.2441
-0.0913,-0.0267,0.9672,1.0986,-0.3662,0.5493
-0.092,-0.0261,0.9686,1.0986,-0.2441,0.7324
-0.0925,-0.0267,0.9685,0.9766,-0.3052,0.4272
-0.0913,-0.0271,0.9678,1.1597,-0.061,0.5493
-0.0908,-0.0271,0.9679,1.1597,0.0,0.5493
-0.0912,-0.0264,0.9683,0.7324,-0.1831,0.3662
-0.0918,-0.0262,0.9691,0.9155,-0.1221,0.6104
-0.0918,-0.0266,0.969,1.0376,-0.2441,0.6104
-0.0906,-0.0269,0.9691,0.9766,-0.4272,0.3052
-0.0917,-0.0258,0.9685,0.9766,-0.2441,0.6104
-0.0909,-0.027,0.9683,0.8545,0.0,0.3662
-0.0912,-0.0258,0.9673,1.0986,-0.1831,0.6714
-0.0918,-0.026,0.9681,1.0376,-0.061,0.6104
-0.0911,-0.027,0.9683,1.1597,-0.1831,0.5493
-0.0924,-0.0269,0.9678,0.9766,0.061,0.5493
-0.0909,-0.0265,0.9686,1.1597,0.0,0.6714
-0.0919,-0.0262,0.9689,1.0376,0.0,0.5493
-0.0918,-0.0261,0.9679,1.0376,-0.4272,0.5493
-0.0912,-0.0262,0.9686,1.0376,-0.3662,0.3052
-0.0917,-0.0258,0.9679,0.9155,-0.061,0.6104
-0.0917,-0.0265,0.9689,0.9766,0.061,0.3052
-0.0914,-0.0259,0.9677,0.8545,-0.2441,0.3052
-0.0913,-0.0267,0.9684,1.0986,-0.1221,0.6104
-0.0911,-0.0271,0.9674,1.0986,-0.2441,0.7324
-0.0912,-0.0266,0.9683,0.9766,-0.1831,0.5493
-0.0916,-0.0266,0.9674,0.8545,-0.3052,0.6714
-0.0919,-0.0272,0.9677,0.9766,0.0,0.3662
-0.0916,-0.0271,0.9695,1.0376,-0.061,0.5493
-0.0914,-0.0259,0.9673,1.0376,-0.061,0.4883
-0.0916,-0.0269,0.9684,1.0376,-0.1831,0.6714
-0.0918,-0.0261,0.9685,1.1597,-0.061,0.6714
-0.0906,-0.0265,0.968,0.9766,-0.061,0.5493
-0.0907,-0.0262,0.968,1.0986,-0.1221,0.4272
-0.0914,-0.0264,0.9675,1.1597,-0.1221,0.6104
-0.0912,-0.0262,0.9673,1.0986,-0.1221,0.4883
-0.0913,-0.0259,0.9677,1.0986,-0.1221,0.4883
-0.0911,-0.0267,0.9681,0.8545,-0.061,0.5493
-0.0909,-0.026,0.9674,1.1597,-0.1221,0.6104
-0.0908,-0.027,0.9683,0.9766,-0.1831,0.7324
-0.0918,-0.0256,0.9677,0.9766,-0.2441,0.4883
-0.0913,-0.0267,0.9667,1.0376,-0.2441,0.4272
-0.0918,-0.0271,0.9691,0.9155,-0.1221,0.4272
-0.0918,-0.0266,0.9679,1.2207,-0.1221,0.5493
-0.0903,-0.0266,0.9683,1.0376,0.061,0.4883
-0.0917,-0.0269,0.9681,1.1597,-0.1221,0.7935
-0.0912,-0.0261,0.9675,0.9766,-0.1221,0.6104
-0.0909,-0.0267,0.9674,1.0986,-0.061,0.5493
-0.0909,-0.0276,0.9678,1.1597,-0.061,0.6714
-0.0908,-0.0266,0.9678,0.9766,-0.2441,0.4883
-0.0909,-0.0261,0.9684,1.0986,-0.3052,0.6104
-0.0916,-0.027,0.9681,0.9155,-0.1831,0.6714
-0.0906,-0.0256,0.968,1.0986,-0.2441,0.5493
-0.0924,-0.0259,0.9677,0.9155,-0.061,0.3662
-0.0928,-0.0264,0.9675,0.8545,-0.3052,0.4272
-0.092,-0.0265,0.9683,1.0376,-0.1831,0.4883
-0.0916,-0.0262,0.9678,1.1597,-0.3052,0.4883
-0.0911,-0.0264,0.9683,1.0986,-0.1221,0.5493
-0.0917,-0.0265,0.9669,0.9766,-0.1831,0.4272
-0.0913,-0.027,0.9683,1.0986,-0.1221,0.6104
-0.0914,-0.0259,0.9678,0.9766,-0.3662,0.5493
-0.0918,-0.0267,0.9673,1.0986,-0.1831,0.6714
-0.0906,-0.0273,0.9674,0.9766,-0.1221,0.6104
-0.0919,-0.0267,0.9678,0.8545,-0.3052,0.2441
-0.0913,-0.027,0.9697,0.9155,-0.3662,0.4272
-0.0917,-0.0265,0.9675,0.9155,-0.061,0.6104
-0.0911,-0.027,0.9675,1.1597,-0.1221,0.6714
-0.0912,-0.0264,0.9677,1.0376,-0.1831,0.5493
-0.0905,-0.0266,0.9678,1.0376,0.061,0.3662
-0.0916,-0.0261,0.9663,1.1597,-0.4272,0.6104
-0.0922,-0.0272,0.9673,1.2207,-0.1831,0.6104
-0.0911,-0.027,0.9683,0.9155,-0.1831,0.3662
-0.0918,-0.027,0.967,1.0376,-0.2441,0.5493
-0.0909,-0.0271,0.9675,0.9766,-0.1831,0.6104
-0.0914,-0.0267,0.9674,1.0986,-0.1221,0.5493
-0.0906,-0.0267,0.9683,1.2817,-0.1831,0.5493
-0.0909,-0.0265,0.968,1.0986,-0.3052,0.4272
-0.0912,-0.026,0.9684,1.0986,-0.2441,0.6714
-0.0902,-0.0256,0.9679,0.9766,-0.4272,0.4272
-0.0912,-0.0267,0.9685,0.9155,-0.1221,0.6104
-0.0917,-0.0267,0.9685,1.1597,-0.1221,0.6714
-0.0925,-0.0272,0.9678,1.0986,0.061,0.6104
-0.0918,-0.0269,0.967,1.0376,-0.1221,0.4883
-0.0911,-0.0262,0.9685,1.1597,-0.1831,0.4883
-0.0923,-0.0266,0.968,1.1597,-0.1221,0.6714
-0.0917,-0.0265,0.9679,1.0986,-0.061,0.7324
-0.0916,-0.0262,0.9683,0.9155,0.061,0.4272
-0.0914,-0.0262,0.9669,1.0376,-0.1831,0.4272
-0.0917,-0.0265,0.9678,1.0376,-0.1221,0.6714
-0.0914,-0.0258,0.967,1.1597,-0.3662,0.6714
-0.0911,-0.0267,0.9678,1.0986,0.3052,0.5493
-0.0912,-0.0267,0.9679,1.0986,0.0,0.4883
-0.0913,-0.0269,0.9689,0.9155,-0.1221,0.4272
-0.0919,-0.0267,0.9685,1.0986,-0.061,0.6104
-0.0901,-0.0265,0.968,0.9155,-0.1221,0.4883
-0.0914,-0.0266,0.9679,1.0376,-0.1221,0.5493
-0.0908,-0.0265,0.9672,1.0376,0.0,0.3662
-0.0916,-0.0264,0.9696,0.9766,-0.061,0.5493
-0.0917,-0.0269,0.9685,1.0376,-0.4272,0.3052
-0.0913,-0.0262,0.9686,0.6714,-0.1831,0.1831
-0.0914,-0.0261,0.9685,0.9766,-0.1831,0.4272
-0.0913,-0.0269,0.9681,1.0376,-0.1831,0.4272
-0.0918,-0.0259,0.968,0.9766,-0.1221,0.5493
-0.0916,-0.0262,0.9678,1.0986,-0.2441,0.5493
-0.0918,-0.0275,0.9684,0.9766,-0.3052,0.4272
-0.0916,-0.027,0.9689,1.0376,-0.061,0.4272
-0.0911,-0.0273,0.969,0.9766,0.1221,0.5493
-0.0927,-0.0267,0.9692,1.0376,-0.3052,0.4883
-0.0909,-0.0265,0.9685,0.7935,-0.2441,0.3662
-0.0916,-0.0259,0.9673,0.9155,-0.1831,0.5493
-0.092,-0.027,0.9678,1.0986,-0.4883,0.6104
-0.0905,-0.0261,0.9681,1.0986,-0.1221,0.4272
-0.0929,-0.027,0.9681,1.0986,0.061,0.4883
-0.0907,-0.0261,0.9684,1.0376,-0.1221,0.5493
-0.0912,-0.0269,0.9681,0.9766,-0.3662,0.5493
-0.092,-0.0265,0.9677,1.0986,-0.1831,0.6104
-0.0918,-0.0266,0.9666,0.8545,-0.1831,0.5493
-0.0912,-0.027,0.9678,1.0986,-0.1221,0.4883
-0.092,-0.0271,0.9681,1.0376,-0.3662,0.4883
-0.0913,-0.0273,0.9685,1.0986,-0.3052,0.5493
-0.0917,-0.026,0.9681,0.9766,-0.061,0.5493
-0.0906,-0.0265,0.9678,1.0986,-0.2441,0.6104
-0.0922,-0.0261,0.9679,1.0376,-0.2441,0.6714
-0.0916,-0.0275,0.968,1.1597,-0.2441,0.4883
-0.0913,-0.0269,0.9678,1.1597,-0.061,0.4883
-0.0914,-0.027,0.9678,0.9155,-0.3662,0.3052
-0.0913,-0.0269,0.9692,1.1597,-0.1221,0.7324
-0.0914,-0.0265,0.969,0.8545,-0.2441,0.3662
-0.0909,-0.0265,0.9677,1.0986,-0.1221,0.6104
-0.0911,-0.0262,0.968,0.9766,-0.4272,0.5493
-0.0908,-0.0265,0.9675,1.1597,0.061,0.5493
-0.0916,-0.0265,0.9669,1.1597,-0.1831,0.4272
-0.0906,-0.0266,0.9679,1.0376,-0.3052,0.4272
-0.0914,-0.0262,0.9681,0.9766,-0.3662,0.4272
-0.0918,-0.0264,0.9678,1.0986,0.0,0.4272
-0.0916,-0.0269,0.968,1.0376,-0.2441,0.4883
-0.0925,-0.0266,0.9683,0.9766,-0.2441,0.4883
-0.0916,-0.026,0.9679,1.0376,-0.2441,0.5493
-0.0916,-0.0265,0.9672,1.0986,-0.1221,0.6104
-0.0912,-0.0269,0.9674,0.9766,0.0,0.6104
-0.0916,-0.027,0.9685,0.9766,-0.1831,0.5493
-0.0911,-0.027,0.9673,0.8545,0.0,0.4883
-0.0918,-0.026,0.9685,0.7935,-0.1831,0.4272
-0.0917,-0.0265,0.967,0.9766,0.0,0.4883
-0.0924,-0.0261,0.9672,1.0376,0.0,0.6104
-0.0909,-0.0259,0.9691,1.1597,-0.061,0.4883
-0.0918,-0.0275,0.9679,0.7935,-0.3662,0.4272
-0.0911,-0.0262,0.9685,0.8545,0.0,0.4883
-0.0918,-0.0272,0.9685,0.9155,-0.3052,0.4883
-0.0914,-0.0266,0.968,0.7324,0.1221,0.3662
-0.0909,-0.0271,0.9675,0.9155,-0.1831,0.2441
-0.0924,-0.0261,0.968,0.9766,-0.2441,0.4272
-0.0916,-0.0266,0.9678,0.9766,-0.1831,0.6714
-0.0909,-0.0258,0.9692,0.9155,-0.1831,0.6714
-0.0916,-0.0266,0.9668,1.0376,-0.2441,0.2441
-0.0913,-0.0259,0.9678,0.7935,-0.3052,0.3662
-0.0907,-0.0264,0.9694,0.8545,-0.1831,0.3662
-0.0912,-0.0254,0.9684,0.8545,-0.2441,0.4272
-0.0913,-0.0262,0.9673,0.9766,-0.3662,0.2441
-0.0908,-0.0267,0.9691,1.0986,-0.2441,0.3052
-0.0913,-0.0261,0.9672,0.9155,-0.6104,0.3052
-0.0916,-0.027,0.9691,0.9766,0.0,0.4272
-0.0913,-0.0262,0.9675,0.9766,-0.2441,0.5493
-0.0912,-0.0269,0.9684,0.9766,-0.1831,0.5493
-0.0908,-0.0261,0.9672,0.9155,-0.061,0.3662
-0.0912,-0.0273,0.9677,0.8545,-0.3662,0.3052
-0.0919,-0.0266,0.9679,0.9155,-0.1831,0.5493
-0.0913,-0.0265,0.9681,1.0376,-0.2441,0.4272
-0.0909,-0.0262,0.9685,0.7935,-0.2441,0.3052
-0.0927,-0.0264,0.967,0.8545,0.0,0.4883
-0.0911,-0.027,0.97,0.7935,-0.1221,0.4883
-0.0911,-0.0258,0.9675,1.0986,-0.1221,0.4272
-0.0917,-0.0266,0.9681,1.0986,-0.2441,0.6104
-0.0912,-0.0266,0.9686,1.0986,-0.3662,0.6714
-0.0908,-0.0271,0.9668,1.0376,-0.061,0.3662
-0.0911,-0.0269,0.9669,1.2207,-0.1221,0.5493
-0.0914,-0.0266,0.9683,0.9766,-0.3052,0.3052
-0.0912,-0.027,0.9685,1.2817,-0.1831,0.7324
-0.0912,-0.027,0.9675,1.0376,-0.3052,0.6714
-0.0911,-0.0259,0.9685,1.0986,0.0,0.6104
-0.0914,-0.026,0.9677,1.0986,-0.1221,0.5493
-0.0906,-0.0267,0.9678,1.1597,-0.1221,0.6714
-0.0924,-0.0264,0.9686,1.1597,-0.1831,0.4883
-0.0912,-0.0265,0.968,1.0986,-0.2441,0.6714
-0.0918,-0.0264,0.9679,1.1597,0.0,0.6104
-0.0918,-0.027,0.9703,1.0376,-0.1221,0.6104
-0.0912,-0.0275,0.9679,1.0986,-0.1221,0.4883
-0.0917,-0.0251,0.9677,1.0376,-0.3052,0.4883
-0.0913,-0.0269,0.9691,0.9766,-0.2441,0.6714
-0.0922,-0.0264,0.9697,1.0986,-0.061,0.7935
-0.0909,-0.0262,0.9685,0.9766,-0.1831,0.6714
-0.0913,-0.0264,0.9678,0.9766,-0.5493,0.5493
-0.0913,-0.0267,0.9685,0.9155,0.0,0.4883
-0.0911,-0.0271,0.9681,0.9766,-0.1221,0.5493
-0.0916,-0.0265,0.968,0.8545,-0.1831,0.1831
-0.0916,-0.0262,0.9685,0.7935,-0.2441,0.2441
-0.0919,-0.0259,0.9681,1.0376,-0.1831,0.5493
-0.0906,-0.0266,0.969,0.9766,-0.1221,0.6104
-0.0917,-0.0264,0.9679,1.0376,-0.1221,0.3052
-0.0914,-0.0262,0.9668,1.0986,-0.2441,0.4883
-0.0916,-0.0267,0.9678,1.0986,-0.1221,0.6104
-0.0912,-0.0264,0.9688,1.0986,-0.1831,0.5493
-0.0917,-0.0265,0.968,0.8545,-0.1221,0.5493
-0.0916,-0.0259,0.9698,1.2207,-0.1831,0.5493
-0.092,-0.0262,0.9694,1.0376,-0.1831,0.7324
-0.0908,-0.0271,0.969,0.8545,-0.061,0.5493
-0.0912,-0.0261,0.9688,0.9766,-0.1221,0.5493
-0.0912,-0.026,0.9705,1.0986,-0.2441,0.4272
-0.0912,-0.0261,0.9691,0.7935,-0.1831,0.5493
-0.0903,-0.0264,0.9681,1.1597,-0.3052,0.2441
-0.092,-0.0272,0.9996,0.9766,-0.1831,0.6104
-0.0908,-0.0269,0.9688,1.0986,0.0,0.7935
-0.0918,-0.0269,0.9679,0.9766,-0.1221,0.1831
-0.0924,-0.0259,0.9688,0.9766,0.061,0.3662
-0.0917,-0.0266,0.9679,1.0986,-0.2441,0.6714
-0.0907,-0.0269,0.969,0.9155,0.0,0.4883
-0.0917,-0.027,0.9674,1.1597,-0.1221,0.6104
-0.0908,-0.0266,0.9679,1.0986,-0.1831,0.4272
-0.0922,-0.0265,0.9695,0.9155,-0.1831,0.4272
-0.0908,-0.0262,0.9684,1.0986,-0.061,0.4883
-0.0906,-0.0269,0.9688,1.0986,0.0,0.5493
-0.0906,-0.0266,0.9674,1.1597,-0.1831,0.6104
-0.0922,-0.027,0.9685,1.2817,-0.061,0.6104
-0.0909,-0.0271,0.9688,0.9766,0.0,0.4883
-0.0916,-0.0271,0.9684,1.0376,-0.2441,0.6104
-0.0916,-0.0264,0.9679,1.2207,-0.2441,0.4883
-0.0909,-0.0269,0.9677,1.0986,-0.2441,0.4272
-0.0919,-0.0264,0.9685,0.9766,-0.1831,0.7935
-0.092,-0.0264,0.9677,1.2817,-0.3662,0.4883
-0.0912,-0.0262,0.9689,1.0986,-0.1831,0.5493
-0.0917,-0.026,0.9673,1.0376,-0.061,0.5493
-0.0918,-0.0265,0.9683,1.1597,-0.061,0.4883
-0.0917,-0.027,0.9678,1.1597,-0.3052,0.6104
-0.0908,-0.0269,0.9686,0.9766,-0.1831,0.5493
-0.0912,-0.0272,0.9685,0.9766,-0.2441,0.5493
-0.0918,-0.0261,0.9685,1.2207,-0.1831,0.6104
-0.0917,-0.0256,0.9679,1.0986,-0.3052,0.6714
-0.0913,-0.0265,0.9674,1.0376,-0.1221,0.5493
-0.0914,-0.0255,0.9683,1.2207,-0.2441,0.6714
-0.0917,-0.0266,0.9683,0.9766,0.061,0.6714
-0.0922,-0.026,0.9677,1.0986,-0.2441,0.3662
-0.0916,-0.0277,0.9673,1.0986,-0.1831,0.5493
-0.0918,-0.0271,0.9684,1.0376,-0.1221,0.5493
-0.0918,-0.0264,0.9691,1.0986,-0.2441,0.5493
-0.0914,-0.0269,0.9689,1.0376,-0.1831,0.5493
-0.0922,-0.0276,0.9681,1.1597,0.0,0.5493
-0.0929,-0.0261,0.968,1.1597,-0.2441,0.7324
-0.0922,-0.0267,0.9683,1.2207,-0.2441,0.5493
-0.0917,-0.0264,0.9694,1.2207,0.0,0.6714
-0.0917,-0.026,0.9692,1.1597,-0.3052,0.4883
-0.092,-0.0258,0.9708,0.9766,-0.3052,0.6104
-0.0912,-0.0264,0.9679,0.9155,-0.3052,0.2441
-0.0912,-0.0259,0.9678,1.1597,0.0,0.5493
-0.0917,-0.0266,0.9685,0.9766,0.0,0.6104
-0.0913,-0.0267,0.9705,1.0986,-0.1831,0.6714
-0.0919,-0.0271,0.9689,0.9766,-0.1831,0.4883
-0.0907,-0.0264,0.9683,1.1597,-0.1831,0.4883
-0.0913,-0.0265,0.9681,1.2207,-0.1831,0.4883
-0.092,-0.0272,0.97,1.0376,0.1831,0.4272
-0.0917,-0.0262,0.969,1.0986,-0.1221,0.6104
-0.0917,-0.0265,0.9679,1.0376,-0.061,0.6714
-0.0916,-0.0271,0.9686,1.2207,-0.3052,0.6714
-0.0914,-0.027,0.9683,0.9766,-15.625,0.5493
-0.0914,-0.0269,0.9674,1.2207,-0.061,0.4272
-0.092,-0.0265,0.9678,1.0376,-0.3052,0.3052
-0.0927,-0.0264,0.9678,0.9155,0.0,0.5493
-0.0917,-0.027,0.9683,1.0986,0.1221,0.4272
-0.0913,-0.0266,0.9686,0.9766,0.0,0.3052
-0.0917,-0.0266,0.9683,1.0376,-0.1221,0.6714
-0.0913,-0.0262,0.9686,1.0376,-0.3052,0.4272
-0.0924,-0.0255,0.9692,0.9766,-0.2441,0.6714
-0.0924,-0.0261,0.9689,1.1597,-0.1221,0.6714
-0.0922,-0.0267,0.9686,1.0376,-0.1831,0.5493
-0.0911,-0.026,0.9681,0.9766,-0.061,0.6104
-0.0912,-0.027,0.9679,1.0986,-0.3662,0.6714
-0.0917,-0.0269,0.9673,1.0986,-0.1221,0.5493
-0.0912,-0.027,0.9688,1.0376,-0.2441,0.6714
-0.0913,-0.0269,0.9684,1.1597,-0.3052,0.5493
-0.0909,-0.0261,0.9679,1.0376,-0.1221,0.4272
-0.0912,-0.0272,0.969,1.0986,0.061,0.4883
-0.0917,-0.026,0.9675,1.0376,-0.1221,0.5493
-0.0919,-0.0266,0.9681,1.1597,-0.3052,0.6714
-0.0912,-0.0264,0.9678,0.9155,-0.1831,0.4272
-0.0913,-0.027,0.9694,1.0376,-0.061,0.4883
-0.0917,-0.0269,0.9691,1.2817,-0.1831,0.5493
-0.0913,-0.0264,0.9688,1.0986,-0.1831,0.6104
-0.0924,-0.0273,0.9675,0.9766,-0.1831,0.4883
-0.0916,-0.027,0.9672,1.1597,-0.4272,0.4272
-0.0914,-0.0266,0.9681,1.0986,-0.3052,0.4272
-0.0919,-0.0272,0.9678,1.0986,-0.061,0.6104
-0.0913,-0.0262,0.9681,1.0376,-0.1831,0.6714
-0.0916,-0.0262,0.9675,1.1597,-0.4272,0.5493
-0.0917,-0.026,0.9686,0.9155,-0.1221,0.4883
-0.0913,-0.0269,0.9667,0.9155,-0.1221,0.6104
-0.0918,-0.0261,0.9692,1.1597,-0.2441,0.5493
-0.0923,-0.0265,0.9677,1.0376,-0.3052,0.4272
-0.0912,-0.0269,0.9685,0.9766,-0.1221,0.6104
-0.0908,-0.0265,0.9674,0.8545,-0.2441,0.4883
-0.0916,-0.0276,0.9678,1.1597,-0.1221,0.6714
-0.0916,-0.0264,0.9679,1.1597,-0.2441,0.5493
-0.0916,-0.0269,0.9689,1.0986,-0.3052,0.4883
-0.0922,-0.0269,0.968,1.0376,-0.3662,0.7324
-0.0918,-0.0277,0.9688,1.0376,-0.4272,0.4272
-0.0909,-0.0258,0.9685,1.0376,0.0,0.4883
-0.0911,-0.0265,0.9688,1.1597,-0.1221,0.6104
-0.0913,-0.0259,0.9681,1.1597,-0.1831,0.6714
-0.0912,-0.0262,0.9684,1.0986,-0.2441,0.4272
-0.0911,-0.0271,0.9679,1.0376,0.0,0.6714
-0.0909,-0.0269,0.9684,1.1597,-0.061,0.5493
-0.0916,-0.0265,0.9681,1.0986,-0.2441,0.7324
-0.0913,-0.0271,0.968,0.8545,-0.1221,0.4883
-0.0916,-0.0253,0.9681,0.9766,-0.1221,0.6104
-0.0912,-0.0269,0.9689,1.0986,-0.1831,0.6104
-0.0928,-0.027,0.9675,1.0376,-0.2441,0.4883
-0.0916,-0.026,0.9688,0.9766,-0.3662,0.6714
-0.0917,-0.0267,0.9683,1.2207,-0.3052,0.6714
-0.0912,-0.0267,0.9679,0.9766,-0.3662,0.4272
-0.0917,-0.0267,0.9678,0.9766,-0.1831,0.6104
-0.0909,-0.0265,0.9689,1.0986,-0.3052,0.4272
-0.0918,-0.0258,0.9688,1.0986,-0.1221,0.4272
-0.0901,-0.0273,0.969,1.0986,-0.1831,0.4883
-0.0913,-0.0264,0.9686,1.0986,-0.2441,0.5493
-0.0924,-0.0265,0.9677,1.2207,-0.061,0.6714
-0.0914,-0.0269,0.9692,1.0986,-0.1221,0.5493
-0.0913,-0.0271,0.9683,1.0376,-0.3052,0.4883
-0.0909,-0.0266,0.9689,0.9766,-0.4272,0.6714
-0.0918,-0.0267,0.9684,0.9766,-0.1831,0.6104
-0.0916,-0.0272,0.968,1.2817,-0.1831,0.6104
-0.0917,-0.0272,0.9685,1.0986,-0.1831,0.4272
-0.0909,-0.0266,0.9685,0.9766,-0.2441,0.5493
-0.0917,-0.0267,0.9684,0.9766,-0.4272,0.3662
-0.0918,-0.0264,0.9669,0.9155,0.061,0.4883
-0.0914,-0.027,0.9679,1.1597,-0.4272,0.6714
-0.0908,-0.0266,0.9683,1.0986,-0.2441,0.6104
-0.0913,-0.0266,0.9672,1.1597,-0.1831,0.4883
-0.0917,-0.0275,0.9683,1.0986,-0.1221,0.4883
-0.0918,-0.0264,0.9688,1.0986,-0.1831,0.5493
-0.0916,-0.0267,0.968,0.9766,-0.1221,0.3662
-0.092,-0.027,0.9675,1.0376,-0.2441,0.5493
-0.0916,-0.0265,0.968,1.0376,-0.3052,0.3662
-0.0916,-0.0269,0.9679,1.0376,-0.061,0.5493
-0.0916,-0.0267,0.9381,1.1597,-0.3052,0.5493
-0.0911,-0.0259,0.967,1.0986,-0.1221,0.5493
-0.0913,-0.0264,0.9683,1.0986,-0.2441,0.4883
-0.0922,-0.0264,0.9694,1.0986,-0.1831,0.4272
-0.092,-0.027,0.9674,1.2207,-0.2441,0.4272
-0.0913,-0.026,0.9679,1.0986,-0.1221,0.7324
-0.0919,-0.0265,0.9686,1.2207,-0.2441,0.6104
-0.0914,-0.027,0.9677,0.8545,0.0,0.4272
-0.0914,-0.0265,0.9684,1.0376,-0.1221,0.6104
-0.0913,-0.0262,0.9681,1.1597,-0.1221,0.5493
-0.0913,-0.0264,0.968,1.2207,-0.061,0.7324
-0.0914,-0.0264,0.968,1.0986,-0.061,0.5493
-0.0918,-0.027,0.9672,1.0376,-0.1831,0.4883
-0.0918,-0.0269,0.9686,1.0376,-0.1221,0.6714
-0.0927,-0.0265,0.9683,1.0376,-0.1831,0.5493
-0.0917,-0.0265,0.968,1.2207,-0.1831,0.6714
-0.0922,-0.0269,0.967,1.1597,-0.2441,0.6714
-0.0914,-0.0265,0.9679,0.9766,-0.1831,0.7324
-0.0907,-0.0261,0.9684,1.0376,-0.2441,0.6104
-0.0917,-0.027,0.9679,1.1597,-0.1831,0.5493
-0.092,-0.0254,0.9683,0.9155,-0.4272,0.6104
-0.0919,-0.0262,0.9673,0.9766,-0.2441,0.5493
-0.0909,-0.0271,0.9681,1.1597,-0.1831,0.6714
-0.0918,-0.0266,0.9673,1.0376,-0.1831,0.5493
-0.0916,-0.0258,0.969,0.9766,-0.1831,0.6104
-0.092,-0.0265,0.9678,1.0376,-0.1221,0.4272
-0.0924,-0.0271,0.9679,1.0376,-0.1831,0.6714
-0.0922,-0.0271,0.9675,1.1597,0.061,0.4883
-0.0917,-0.0269,0.9675,1.0376,-0.1831,0.6104
-0.0916,-0.0262,0.968,1.1597,0.061,0.6104
-0.0916,-0.0271,0.9668,0.9766,-0.1221,0.3662
-0.0913,-0.0269,0.9673,1.0376,-0.061,0.6104
-0.0925,-0.0258,0.9673,0.9766,-0.1221,0.5493
-0.0913,-0.0259,0.967,1.0376,-0.1221,0.6104
-0.0922,-0.0266,0.9664,1.0376,-0.1221,0.5493
-0.0924,-0.027,0.9669,1.0986,-0.061,0.5493
-0.0919,-0.0265,0.968,1.0986,-0.1831,0.6104
-0.0913,-0.0264,0.9681,1.0986,-0.1221,0.4883
-0.0912,-0.0273,0.9678,1.1597,-0.1831,0.5493
-0.0914,-0.0267,0.9679,1.0986,-0.2441,0.5493
-0.0914,-0.027,0.9697,1.0986,-0.1831,0.4883
-0.0916,-0.027,0.9675,0.9766,-0.1221,0.6714
-0.0919,-0.0265,0.9677,1.2207,-0.1221,0.5493
-0.0913,-0.027,0.9674,1.2207,-0.2441,0.5493
-0.0916,-0.0254,0.968,1.1597,-0.1221,0.4883
-0.0913,-0.0261,0.9674,1.0986,-0.1831,0.4883
-0.0923,-0.0261,0.9675,1.0986,-0.1221,0.6714
-0.0911,-0.0271,0.9675,1.2207,-0.061,0.6714
-0.0913,-0.0259,0.9673,0.9766,-0.1831,0.6714
-0.0918,-0.0269,0.9668,1.3428,-0.4272,0.6104
-0.0913,-0.0265,0.9689,1.0376,-0.2441,0.7324
-0.0927,-0.027,0.9679,1.1597,-0.1221,0.5493
-0.0916,-0.0266,0.968,1.0376,-0.061,0.6104
-0.0924,-0.0269,0.9675,1.0376,-0.3052,0.5493
-0.0916,-0.0264,0.9681,0.9766,-0.061,0.4883
-0.0912,-0.0262,0.9678,0.9766,0.0,0.6104
-0.0907,-0.0269,0.9685,1.0986,-0.3052,0.6104
-0.0917,-0.0262,0.9678,0.9155,-0.2441,0.6104
-0.0918,-0.0264,0.968,1.0986,-0.2441,0.3662
-0.0924,-0.0256,0.9668,1.0986,-0.1831,0.5493
-0.0909,-0.0264,0.9678,1.0986,0.0,0.5493
-0.0911,-0.0262,0.9688,1.0376,-0.1221,0.4883
-0.0917,-0.0271,0.9686,1.0376,-0.061,0.4883
-0.0912,-0.0275,0.9685,0.9155,-0.2441,0.5493
-0.0927,-0.0264,0.9681,1.1597,0.0,0.3662
-0.0912,-0.026,0.9685,1.0986,-0.3052,0.5493
-0.0908,-0.0261,0.9689,1.0376,-0.1221,0.5493
-0.0914,-0.0261,0.9683,1.1597,-0.061,0.7935
-0.092,-0.0265,0.9677,1.2207,0.061,0.5493
-0.0924,-0.0265,0.9703,1.2207,-0.2441,0.4272
-0.0909,-0.0267,0.9673,1.0986,-0.1221,0.6714
-0.0916,-0.0267,0.9681,1.2207,-0.2441,0.7935
-0.0913,-0.0269,0.9675,1.0986,-0.1221,0.4272
-0.0919,-0.0262,0.9685,1.0376,-0.3662,0.6104
-0.0914,-0.027,0.9683,1.2207,-0.3052,0.5493
-0.0913,-0.0255,0.9685,1.1597,0.0,0.4272
-0.092,-0.0259,0.9684,0.9766,-0.3052,0.7935
-0.0922,-0.0266,0.9679,0.9766,0.0,0.5493
-0.0909,-0.0264,0.967,0.9766,-0.061,0.4883
-0.0914,-0.0261,0.968,1.3428,-0.1221,0.4883
-0.0919,-0.0258,0.9683,1.1597,-0.1221,0.7324
-0.0911,-0.0265,0.9684,1.2207,-0.1221,0.5493
-0.0927,-0.027,0.968,0.9155,-0.3052,0.4883
-0.092,-0.0272,0.9686,1.0986,0.061,0.5493
-0.0908,-0.0262,0.9685,1.0986,-0.2441,0.7324
-0.0917,-0.0266,0.9679,1.0376,-0.4272,0.6104
-0.0909,-0.0262,0.9677,1.0376,-0.1831,0.7324
-0.0919,-0.0269,0.9689,0.9766,-0.1221,0.3662
-0.0913,-0.0264,0.9691,1.0376,-0.4272,0.5493
-0.0913,-0.0269,0.9672,1.0376,-0.3662,0.6104
-0.0918,-0.0269,0.9672,0.9766,0.0,0.5493
-0.0911,-0.0272,0.9685,0.6104,-0.1221,0.4272
-0.0908,-0.0269,0.968,1.1597,-0.1831,0.4272
-0.0912,-0.0267,0.968,1.0986,-0.061,0.4883
-0.0924,-0.0261,0.9685,1.1597,-0.3052,0.6714
-0.0912,-0.0264,0.969,0.9766,-0.1831,0.4883
-0.0907,-0.026,0.9679,0.7935,-0.1831,0.4272
-0.092,-0.0264,0.9669,0.9155,-0.1831,0.4272
-0.0912,-0.0275,0.969,0.9766,-0.3662,0.4272
-0.0909,-0.0267,0.9686,1.0376,-0.2441,0.4883
-0.0913,-0.0264,0.9681,1.1597,-0.1831,0.6714
-0.0917,-0.0271,0.968,1.0986,-0.1221,0.6714
-0.0911,-0.0262,0.968,1.0376,-0.1831,0.6104
-0.0914,-0.0266,0.9675,1.1597,-0.3662,0.6714
-0.0916,-0.0271,0.9679,1.0986,-0.1221,0.6714
-0.0914,-0.0266,0.9678,1.0376,-0.1831,0.7324
-0.0914,-0.0262,0.9681,1.0986,-0.061,0.6104
-0.0923,-0.027,0.9672,1.0376,-0.2441,0.6104
-0.092,-0.0261,0.9681,1.0376,-0.2441,0.5493
-0.0924,-0.026,0.9672,0.9155,-0.3052,0.3052
-0.0927,-0.0275,0.9679,1.0376,-0.2441,0.6104
-0.0922,-0.0259,0.9675,1.0986,-0.1831,0.4883
-0.0908,-0.0267,0.9683,1.1597,-0.061,0.6104
-0.0918,-0.0272,0.9675,1.1597,-0.1831,0.5493
-0.0933,-0.0269,0.9677,1.1597,-0.1221,0.7324
-0.0914,-0.0272,0.9679,1.0986,-0.2441,0.5493
-0.0912,-0.0258,0.9678,1.0986,-0.1831,0.6104
-0.0927,-0.0264,0.9681,0.9766,-0.3052,0.4272
-0.0914,-0.0266,0.9677,1.1597,-0.1831,0.5493
-0.0917,-0.0265,0.9675,0.9766,-0.1831,0.4272
-0.0912,-0.0271,0.9681,1.0376,-0.4272,0.6104
-0.0912,-0.0265,0.9673,1.0376,-0.2441,0.7324
-0.0902,-0.0264,0.968,1.0376,-0.1831,0.5493
-0.0916,-0.0258,0.969,1.0986,-0.1831,0.4883
-0.0914,-0.0267,0.9681,1.1597,-0.1221,0.5493
-0.0912,-0.0272,0.9669,1.0986,-0.2441,0.6714
-0.0909,-0.0267,0.9675,1.0376,-0.1221,0.6714
-0.0923,-0.0258,0.9668,1.0986,-0.4272,0.5493
-0.0922,-0.0269,0.9668,1.0376,-0.4272,0.4883
-0.0912,-0.0262,0.9673,0.9155,-0.061,0.4272
-0.0913,-0.0262,0.968,1.0986,-0.2441,0.6714
-0.0918,-0.0272,0.9675,1.1597,-0.4272,0.6714
-0.092,-0.0265,0.9669,0.9155,-0.3052,0.6714
-0.0918,-0.0262,0.968,1.0986,-0.1831,0.6104
-0.0911,-0.0261,0.967,1.2207,-0.4883,0.7324
-0.0916,-0.0272,0.9672,1.0376,-0.2441,0.6104
-0.0913,-0.0266,0.9678,0.9155,-0.1221,0.4272
-0.0909,-0.0259,0.9668,1.0376,-0.061,0.4883
-0.0916,-0.027,0.9694,1.0986,-0.3662,0.4272
-0.0916,-0.026,0.9666,1.1597,-0.1221,0.6104
-0.0922,-0.0271,0.9668,1.0986,-0.061,0.5493
-0.092,-0.0264,0.9674,0.9766,-0.3052,0.5493
-0.0918,-0.0266,0.9694,1.1597,-0.3052,0.6714
-0.0918,-0.0264,0.9678,0.9766,-0.2441,0.6104
-0.0922,-0.0266,0.9685,1.0986,-0.3052,0.6714
-0.0914,-0.0262,0.9679,0.9766,-0.1831,0.5493
-0.0916,-0.0267,0.9677,0.9766,-0.1831,0.1831
-0.0913,-0.0264,0.9673,0.9155,-0.1831,0.7324
-0.0918,-0.0266,0.9674,1.0986,-0.1831,0.4883
-0.0909,-0.0261,0.9666,0.9155,-0.061,0.5493
-0.0909,-0.0261,0.9672,0.9155,-0.1831,0.5493
-0.0918,-0.0269,0.9679,0.9155,-0.3662,0.7324
-0.0916,-0.026,0.9677,1.0376,-0.1221,0.5493
-0.0919,-0.0256,0.9673,1.1597,-0.4272,0.6104
-0.0912,-0.0262,0.9672,0.9766,-0.1221,0.4883
-0.0907,-0.0258,0.9666,0.8545,-0.1221,0.4883
-0.0907,-0.0265,0.9686,1.0376,0.0,0.4883
-0.0914,-0.0275,0.9675,1.0986,-0.2441,0.6104
-0.0918,-0.026,0.9674,1.0376,-0.1831,0.7935
-0.0917,-0.0264,0.967,1.2817,-0.2441,0.6104
-0.0918,-0.0269,0.9674,1.0376,0.0,0.5493
-0.0918,-0.0264,0.9663,0.9155,-0.4883,0.3052
-0.0913,-0.0264,0.9669,1.0376,-0.1831,0.6714
-0.092,-0.0261,0.9668,1.0986,-0.061,0.4883
-0.0917,-0.0267,0.9668,0.9766,-0.3662,0.5493
-0.0917,-0.0266,0.9678,0.7324,-0.1831,0.2441
-0.0912,-0.0262,0.9672,0.8545,-0.1221,0.4883
-0.0913,-0.0267,0.9692,1.0376,-0.2441,0.4883
-0.0912,-0.0267,0.9664,1.0986,-0.1831,0.4272
-0.0924,-0.0264,0.9684,0.9766,-0.1831,0.5493
-0.0918,-0.0259,0.9677,0.9766,-0.3052,0.4272
-0.092,-0.0267,0.9678,1.0376,-0.1221,0.5493
-0.0913,-0.0265,0.9669,1.2207,-0.1831,0.4272
-0.0923,-0.0259,0.9684,1.1597,-0.3662,0.5493
-0.0916,-0.0261,0.9675,1.1597,-0.061,0.5493
-0.0916,-0.0259,0.9677,1.2207,-0.2441,0.4272
-0.0919,-0.0262,0.9669,1.1597,-0.1831,0.6104
-0.0911,-0.027,0.9674,1.0986,0.0,0.4272
-0.0914,-0.0269,0.9691,0.9766,-0.2441,0.4883
-0.0912,-0.0266,0.9677,0.8545,-0.3052,0.5493
-0.0914,-0.027,0.967,1.0986,-0.1831,0.5493
-0.0917,-0.0262,0.9673,1.1597,-0.1831,0.4272
-0.0923,-0.0266,0.9681,1.0376,-0.1831,0.4883
-0.0917,-0.0266,0.9667,0.9766,-0.2441,0.4883
-0.0912,-0.0259,0.9681,1.0986,0.0,0.7324
-0.0922,-0.0273,0.9672,1.0376,-0.061,0.5493
-0.0914,-0.027,0.9683,1.1597,-0.1831,0.6714
-0.0906,-0.0271,0.968,1.1597,-0.1831,0.4272
-0.0918,-0.026,0.9686,1.1597,-0.061,0.6714
-0.0917,-0.0271,0.9688,1.0376,-0.061,0.4272
-0.0914,-0.0264,0.9683,1.0376,-0.1831,0.5493
-0.0913,-0.0262,0.9681,1.0986,-0.1221,0.5493
-0.0916,-0.0266,0.968,1.0986,-0.1831,0.4883
-0.0916,-0.027,0.9679,1.0986,-0.3662,0.7324
-0.0911,-0.027,0.9673,1.0986,-0.1221,0.5493
-0.0914,-0.027,0.9679,1.0376,-0.1831,0.6104
-0.0912,-0.0266,0.968,1.0986,-0.2441,0.6104
-0.0918,-0.0261,0.9679,1.1597,-0.1221,0.4883
-0.092,-0.0261,0.9672,1.2207,-0.2441,0.5493
-0.0918,-0.026,0.9675,1.0986,-0.061,0.6714
-0.093,-0.0267,0.9681,0.9766,-0.2441,0.3662
-0.0924,-0.0264,0.9677,1.2207,-0.3662,0.6714
-0.0916,-0.0272,0.9679,0.9155,-0.3662,0.6104
-0.0914,-0.0264,0.9681,1.1597,-0.1831,0.7324
-0.0922,-0.0262,0.9681,1.0376,-0.2441,0.5493
-0.0919,-0.0271,0.9673,0.9766,0.0,0.4272
-0.0917,-0.0264,0.9673,1.0376,-0.2441,0.6104
-0.0924,-0.026,0.9684,1.1597,-0.1831,0.5493
-0.0919,-0.0254,0.9677,1.0376,-0.061,0.6714
-0.0914,-0.0265,0.9672,1.0376,-0.1831,0.4883
-0.0912,-0.0266,0.9669,1.0376,-0.2441,0.4883
-0.0909,-0.0266,0.9686,1.0376,0.061,0.6104
-0.0914,-0.0266,0.9675,1.2207,-0.3052,0.6104
-0.0914,-0.0269,0.9681,1.1597,-0.1221,0.6104
-0.0914,-0.0264,0.9688,0.9766,-0.061,0.4883
-0.0913,-0.0264,0.9679,1.0986,-0.061,0.3662
-0.0918,-0.026,0.9667,0.9766,0.0,0.7324
-0.0917,-0.0265,0.9681,1.0376,-0.4272,0.3662
-0.0911,-0.0266,0.9689,1.0986,-0.061,0.6714
-0.0912,-0.0259,0.9692,1.0986,-0.061,0.7324
-0.0916,-0.0262,0.9681,0.9766,-0.061,0.7324
-0.0918,-0.0267,0.9683,1.0376,-0.1831,0.5493
-0.0913,-0.0265,0.9679,1.0986,-0.3052,0.6714
-0.0917,-0.026,0.9672,0.9766,-0.2441,0.5493
-0.0914,-0.0258,0.9683,1.0986,-0.1221,0.4883
-0.0916,-0.0266,0.9702,1.0376,-0.2441,0.5493
-0.092,-0.0267,0.9675,1.2207,-0.061,0.6104
-0.0916,-0.0265,0.9688,1.0376,-0.1221,0.6714
-0.0911,-0.0267,0.9684,1.0986,-0.2441,0.6714
-0.0923,-0.0266,0.9685,1.1597,-0.3052,0.4883
-0.0911,-0.0259,0.9686,1.0376,-0.061,0.4272
-0.0907,-0.0261,0.968,1.0376,-0.061,0.6714
-0.0923,-0.0275,0.9677,0.8545,-0.3662,0.3662
-0.0918,-0.0264,0.9686,1.0986,-0.1831,0.5493
-0.0914,-0.026,0.9683,0.9766,-0.4883,0.5493
-0.0916,-0.0267,0.9679,0.9155,-0.1831,0.3052
-0.0918,-0.027,0.9696,1.0376,-0.3662,0.4883
-0.0907,-0.0266,0.9678,0.9766,-0.1221,0.6104
-0.0916,-0.0266,0.9677,1.1597,-0.2441,0.6104
-0.092,-0.0271,0.9683,1.1597,-0.3662,0.5493
-0.0916,-0.0265,0.969,1.0376,-0.1831,0.5493
-0.0916,-0.0267,0.9683,0.9766,-0.1221,0.6104
-0.0916,-0.0264,0.9678,0.9766,-0.2441,0.4883
-0.092,-0.027,0.9698,1.1597,0.061,0.4272
-0.0916,-0.0264,0.9686,1.0986,-0.1221,0.5493
-0.0917,-0.026,0.9691,1.0986,-0.1831,0.5493
-0.0917,-0.0269,0.969,0.9766,-0.061,0.4272
-0.0914,-0.0259,0.9685,1.2207,-0.1831,0.4883
-0.0912,-0.0261,0.9684,1.1597,-0.1831,0.5493
-0.0914,-0.0265,0.9679,0.9766,-0.1831,0.4883
-0.0914,-0.0267,0.968,1.1597,-0.2441,0.6104
-0.0923,-0.0271,0.9681,0.9766,-0.2441,0.3662
-0.0922,-0.0265,0.9674,1.0986,-0.061,0.4272
-0.0911,-0.0259,0.9689,1.0376,-0.1831,0.6104
-0.0914,-0.0269,0.9681,0.9766,-0.4883,0.3662
-0.0922,-0.0269,0.9681,1.2207,-0.1221,0.6104
-0.0913,-0.0261,0.9668,1.2817,-0.061,0.6714
-0.0919,-0.0269,0.9678,1.0986,-0.4272,0.4272
-0.0924,-0.0267,0.9679,1.1597,-0.1221,0.5493
-0.0916,-0.027,0.9683,1.1597,-0.1831,0.7324
-0.0917,-0.0269,0.9689,0.9766,-0.1831,0.6714
-0.0919,-0.0262,0.969,1.0376,-0.1221,0.4883
-0.092,-0.0261,0.9678,0.7935,-0.5493,0.3052
-0.0914,-0.0269,0.9675,1.1597,-0.1831,0.4883
-0.0917,-0.0262,0.9685,0.9766,0.0,0.5493
-0.0912,-0.0272,0.9678,1.1597,-0.1221,0.4272
-0.0912,-0.0265,0.9679,1.1597,-0.3052,0.5493
-0.092,-0.0264,0.9683,1.1597,0.0,0.5493
-0.0928,-0.026,0.9701,1.0376,-0.1831,0.6714
-0.0907,-0.0269,0.9678,1.2207,-0.1831,0.6104
-0.0918,-0.027,0.9686,0.9766,-0.061,0.6714
-0.092,-0.0265,0.9681,0.9766,-0.3052,0.5493
-0.0912,-0.0266,0.9683,0.9766,-0.3662,0.4883
-0.0912,-0.0267,0.9666,1.1597,-0.1831,0.4883
-0.0916,-0.0262,0.9691,1.0376,-0.1221,0.7935
-0.0919,-0.0259,0.9688,1.1597,-0.1221,0.6104
-0.0925,-0.0266,0.9694,1.0986,-0.1831,0.5493
-0.0916,-0.0265,0.9688,1.0986,-0.1831,0.6714
-0.0916,-0.0265,0.9686,1.0986,-0.2441,0.5493
-0.0912,-0.0255,0.9677,0.9155,-0.1221,0.4272
-0.0911,-0.0264,0.9668,1.1597,0.0,0.7324
-0.0913,-0.026,0.968,1.1597,-0.061,0.5493
-0.0913,-0.027,0.9681,1.0986,-0.1221,0.7324
-0.0914,-0.0269,0.97,1.0986,-0.3052,0.8545
-0.0917,-0.0261,0.969,1.0376,-0.061,0.5493
-0.0919,-0.0264,0.9686,1.0376,-0.1221,0.6714
-0.092,-0.026,0.9686,1.1597,-0.1221,0.6714
-0.0922,-0.0267,0.9683,1.1597,0.0,0.7324
-0.0913,-0.0269,0.9685,1.0986,-0.1831,0.5493
-0.0917,-0.0262,0.9701,1.1597,-0.1221,0.4272
-0.0905,-0.0264,0.9686,1.2207,-0.061,0.5493
-0.0913,-0.0264,0.9686,1.0376,-0.3052,0.4272
-0.092,-0.0261,0.9688,1.0376,-0.3662,0.5493
-0.0914,-0.0265,0.968,1.0376,-0.2441,0.6714
-0.0917,-0.0265,0.9674,1.0376,-0.3052,0.6104
-0.0914,-0.0262,0.9681,1.0376,-0.2441,0.6714
-0.0913,-0.0262,0.9685,1.0376,-0.3052,0.5493
-0.092,-0.0262,0.9689,0.9155,-0.061,0.6714
-0.0912,-0.0266,0.9677,1.0376,-0.1831,0.5493
-0.0914,-0.0261,0.9691,1.1597,-0.2441,0.7935
-0.0914,-0.0262,0.9685,1.1597,-0.1221,0.5493
-0.0913,-0.0262,0.9685,1.0986,-0.2441,0.7324
-0.0924,-0.0259,0.9678,0.9155,-0.3052,0.6104
-0.0914,-0.0266,0.9678,0.9155,-0.061,0.6104
-0.0919,-0.0267,0.9692,1.1597,0.0,0.6104
